id,order_id,nps_score
1,2687,8
2,41,6
3,637,8
4,240,7
5,428,2
6,1876,10
7,2382,4
8,1548,7
9,2876,0
10,1314,3
11,1914,5
12,2830,0
13,2008,0
14,2013,9
15,245,2
16,173,10
17,2027,8
18,2636,8
19,497,7
20,1033,9
21,2856,10
22,2448,10
23,2639,4
24,1223,1
25,199,6
26,1539,2
27,2247,4
28,1468,3
29,1788,2
30,1798,4
31,2556,8
32,2966,9
33,2750,5
34,2149,0
35,619,2
36,971,6
37,1953,7
38,456,6
39,2921,9
40,26,10
41,443,0
42,1398,8
43,83,8
44,1778,9
45,959,10
46,1591,9
47,2165,2
48,1553,6
49,641,8
50,1715,8
51,1313,0
52,2232,9
53,856,10
54,646,9
55,442,7
56,778,9
57,2630,10
58,1773,0
59,918,0
60,313,10
61,1471,9
62,125,0
63,103,9
64,1725,3
65,672,8
66,2018,4
67,304,0
68,1053,3
69,673,10
70,1288,10
71,323,6
72,2293,9
73,1617,10
74,1993,10
75,260,4
76,1344,9
77,903,9
78,2735,10
79,471,10
80,2435,7
81,2433,1
82,2927,8
83,2651,1
84,2579,5
85,1357,9
86,1758,10
87,1589,5
88,815,9
89,2142,7
90,994,5
91,2643,9
92,1787,6
93,1081,10
94,2311,2
95,744,9
96,1907,10
97,1249,2
98,2940,3
99,1255,8
100,2539,0
101,1733,4
102,2833,4
103,2594,5
104,2957,3
105,2787,0
106,1339,10
107,1729,0
108,2012,1
109,2467,6
110,1295,6
111,2223,3
112,2073,8
113,912,5
114,925,0
115,1150,9
116,1989,10
117,2644,7
118,248,0
119,1916,4
120,47,3
121,2613,9
122,1162,9
123,329,8
124,447,6
125,1646,8
126,1071,9
127,2067,9
128,2696,10
129,2530,10
130,250,10
131,2150,9
132,1540,9
133,1280,0
134,2657,0
135,340,6
136,1965,5
137,802,10
138,2994,1
139,890,0
140,314,1
141,1104,3
142,1744,8
143,1283,10
144,1246,9
145,2115,2
146,2272,8
147,246,6
148,2659,8
149,2037,7
150,1854,8
151,2374,1
152,1743,6
153,1419,7
154,383,8
155,2947,9
156,1112,10
157,844,5
158,595,8
159,837,10
160,1243,9
161,2284,5
162,7,8
163,2913,9
164,476,3
165,2543,8
166,380,10
167,854,4
168,1554,10
169,1251,4
170,2504,9
171,2604,1
172,2378,0
173,1697,10
174,1839,9
175,1023,8
176,2928,9
177,2389,10
178,60,9
179,2386,10
180,1832,8
181,2172,9
182,348,10
183,1662,8
184,2240,3
185,555,5
186,2512,9
187,1526,10
188,2552,9
189,2509,6
190,2813,8
191,895,7
192,1152,3
193,1377,0
194,2619,0
195,2718,4
196,725,8
197,1747,6
198,1326,5
199,1366,3
200,539,7
201,2195,2
202,2174,8
203,2857,6
204,1626,10
205,1836,5
206,750,6
207,2791,8
208,2763,7
209,2404,8
210,1648,3
211,1706,7
212,777,0
213,2016,8
214,749,9
215,1740,9
216,1454,1
217,215,0
218,1922,7
219,2595,1
220,1476,4
221,2964,5
222,1,1
223,29,1
224,1613,7
225,170,8
226,284,8
227,2269,10
228,1298,8
229,2625,9
230,494,8
231,586,9
232,1411,10
233,1335,10
234,2236,8
235,562,5
236,1212,9
237,372,4
238,864,8
239,1639,3
240,2669,2
241,2383,10
242,376,4
243,953,9
244,2309,4
245,2683,0
246,957,8
247,189,10
248,32,3
249,414,5
250,1378,9
251,636,10
252,5,10
253,349,2
254,789,9
255,2783,2
256,3,0
257,898,10
258,1632,7
259,718,4
260,1853,8
261,1950,4
262,967,7
263,1521,1
264,2445,9
265,1416,4
266,761,5
267,2231,10
268,120,4
269,1577,9
270,1083,8
271,2528,9
272,1532,4
273,1660,10
274,2345,0
275,2479,10
276,1302,8
277,1670,7
278,2323,2
279,176,8
280,455,10
281,2836,7
282,1485,8
283,2527,4
284,302,10
285,2883,7
286,1489,10
287,2031,1
288,2838,0
289,543,6
290,305,0
291,2971,3
292,2916,6
293,2501,10
294,1403,7
295,933,0
296,2969,5
297,1906,5
298,399,8
299,2785,7
300,2920,7
301,1301,7
302,169,10
303,927,3
304,2834,5
305,2877,8
306,1167,4
307,533,7
308,234,5
309,2006,10
310,147,0
311,2761,8
312,2573,9
313,1387,10
314,2488,8
315,1051,4
316,1976,4
317,2388,9
318,23,1
319,2434,7
320,528,6
321,869,9
322,2291,10
323,662,8
324,362,8
325,757,10
326,2710,2
327,1490,10
328,2469,10
329,1222,10
330,1549,2
331,2634,3
332,2743,8
333,2473,2
334,2164,3
335,1678,10
336,1687,9
337,452,2
338,1134,2
339,863,7
340,727,5
341,2441,10
342,237,10
343,1689,9
344,114,4
345,1877,2
346,1699,10
347,2381,3
348,2983,6
349,2846,8
350,2884,8
351,2674,0
352,2861,4
353,2890,9
354,2310,9
355,1414,2
356,1361,6
357,2086,7
358,2902,7
359,402,2
360,1622,6
361,326,1
362,742,9
363,1728,6
364,2290,9
365,126,10
366,496,10
367,2102,4
368,233,4
369,2730,9
370,1726,4
371,1438,8
372,387,4
373,1915,2
374,838,3
375,1097,1
376,1525,9
377,1659,4
378,2589,3
379,345,8
380,1099,9
381,648,6
382,938,9
383,627,0
384,2301,0
385,492,3
386,634,8
387,71,7
388,743,3
389,2487,2
390,2077,10
391,2376,2
392,1935,10
393,2747,3
394,1043,4
395,1903,0
396,1260,10
397,2292,9
398,1421,5
399,400,7
400,36,3
401,1655,10
402,541,6
403,1585,4
404,2885,9
405,1486,8
406,1267,10
407,1830,8
408,1493,4
409,569,3
410,1347,0
411,218,9
412,210,3
413,410,7
414,2166,10
415,1884,10
416,2340,6
417,1901,9
418,2879,0
419,1294,8
420,236,0
421,721,5
422,814,4
423,1561,6
424,2518,2
425,991,5
426,2707,1
427,571,10
428,1007,5
429,542,4
430,264,5
431,1001,9
432,137,5
433,2235,10
434,1963,1
435,1897,10
436,1961,8
437,1628,4
438,2281,7
439,235,4
440,2000,0
441,2733,4
442,2116,8
443,1420,1
444,1050,2
445,2831,9
446,242,9
447,982,9
448,945,5
449,2028,10
450,2350,4
451,110,7
452,1261,0
453,853,1
454,1276,3
455,1809,6
456,1872,6
457,1154,10
458,685,8
459,1917,1
460,2278,7
461,101,1
462,2136,8
463,397,10
464,519,4
465,2847,10
466,134,0
468,164,10
469,691,7
470,423,10
472,1503,8
473,943,4
474,8,8
475,820,5
476,2203,10
477,1213,10
478,880,10
479,2134,8
480,2571,3
481,1292,9
482,647,4
483,2193,9
485,2895,7
486,859,9
487,2066,4
488,2040,10
490,498,6
492,2655,4
493,1291,2
494,1564,9
495,580,6
497,618,5
498,1799,7
501,1822,2
502,312,7
503,105,4
504,351,1
505,1333,2
506,1126,8
507,482,0
508,1694,7
509,208,3
510,2602,6
511,656,8
512,2405,2
513,939,9
514,879,2
516,1656,7
517,274,6
518,1036,4
519,1451,3
520,1217,8
521,2476,9
522,1446,8
523,2244,6
525,1537,3
526,1325,8
528,2609,10
529,1019,9
530,2205,6
531,2346,9
532,587,1
533,392,5
534,1008,10
536,767,3
537,2728,10
539,1133,9
540,2782,7
541,1883,2
542,1714,8
544,1351,9
545,665,5
546,1253,9
548,127,10
549,2652,9
551,174,5
552,1856,0
553,2304,10
554,2187,9
555,485,9
556,38,7
557,2179,9
558,2992,0
559,885,1
560,1810,9
562,1064,1
564,630,2
565,1204,4
566,391,9
567,897,8
568,1565,8
569,435,7
570,1774,2
571,2771,3
572,2538,0
573,1719,4
574,1005,10
575,2375,4
576,1315,2
577,1422,2
578,2601,6
579,48,8
580,2074,4
581,322,6
583,2915,5
584,836,5
585,2616,1
586,846,8
587,1579,3
588,1136,10
590,2931,5
591,466,5
592,556,10
593,577,10
596,1041,8
597,1254,4
598,2312,3
600,1761,7
601,1926,9
603,1231,10
604,2545,0
605,2472,10
607,2209,8
608,1902,10
609,2689,6
610,1955,2
611,363,9
612,1552,8
613,2930,8
614,1073,0
615,2844,3
617,2417,8
619,1664,8
620,2914,8
622,1169,9
623,11,9
624,1207,0
625,2118,10
626,524,10
628,1893,2
629,712,10
630,2175,10
631,715,0
632,2795,5
633,1247,0
634,1616,9
635,2872,10
636,924,3
637,884,7
638,1123,9
639,2981,7
640,702,9
641,739,0
642,2238,9
644,1513,4
646,687,8
647,849,10
648,2628,0
649,2680,4
650,382,5
651,2938,3
653,2922,5
654,808,9
655,922,6
656,681,2
657,2698,7
658,2355,1
659,624,10
660,2751,3
661,2749,3
662,1607,7
663,359,1
664,2443,5
665,243,10
667,1682,4
668,1636,4
669,16,2
670,2638,5
672,713,9
674,714,6
675,2213,4
678,1155,7
680,1844,5
681,1209,0
683,283,10
684,508,6
685,2851,8
686,2948,5
687,22,9
688,861,10
689,90,4
690,1793,3
692,708,2
693,212,8
694,1796,9
695,1804,8
697,2010,4
698,1672,10
699,1784,6
700,6,8
701,2790,10
703,1840,3
704,1046,3
705,2092,9
706,639,7
707,1891,9
708,53,3
709,2185,9
710,613,10
711,1130,10
712,1692,9
713,1289,10
714,381,6
715,603,7
716,1509,7
718,1680,9
720,1661,7
721,2529,5
722,2447,10
723,1807,6
724,1094,6
725,780,0
726,2658,7
727,501,8
728,2186,10
729,2457,7
730,2221,7
731,2559,7
734,1716,10
735,2283,1
736,2144,8
737,3000,6
738,279,5
739,343,9
740,2105,7
741,2111,9
743,1143,8
744,1693,10
746,675,6
747,1590,10
749,724,7
750,294,10
751,831,9
752,1671,9
753,1808,10
754,2741,7
756,59,8
757,997,9
759,2475,3
760,4,7
761,365,7
762,1457,8
764,2766,10
765,2344,10
766,1382,10
768,881,10
769,908,1
770,921,6
771,1638,2
772,1960,5
773,566,10
774,2414,6
775,2806,3
776,119,9
777,2327,10
778,1303,9
779,1478,2
780,1179,7
781,202,10
782,324,2
783,1343,6
784,1437,3
785,1992,10
786,1461,6
787,129,9
788,729,0
789,2076,8
790,1969,8
792,2700,9
793,2416,4
794,1332,2
795,2219,9
796,1391,5
798,583,5
799,2060,7
800,1909,7
801,1127,7
802,629,8
803,257,7
804,860,5
805,947,6
806,2123,9
808,1384,5
809,2736,10
811,1574,3
812,738,9
813,668,3
814,511,6
815,2357,0
816,1077,5
817,852,0
819,1055,7
820,58,1
821,446,9
822,784,4
823,1801,6
824,262,6
825,2158,4
826,1928,0
827,1105,8
828,347,6
830,999,9
831,1474,3
832,2341,10
833,366,4
835,321,6
836,2593,9
837,2898,8
838,1504,7
839,1979,5
840,2287,10
841,2112,9
842,1602,9
843,2349,5
844,1519,1
845,1837,0
846,288,10
847,89,9
848,2049,9
850,2563,8
851,1815,1
852,2088,3
853,2267,4
855,2596,1
856,303,6
857,155,1
858,2514,9
859,1750,0
860,1273,3
861,1262,8
862,2871,10
863,2017,8
864,961,3
865,2481,3
866,2299,7
867,2047,5
868,2967,2
869,128,9
870,61,9
871,958,8
872,2889,10
873,2786,5
874,2772,10
875,848,10
876,800,2
877,66,1
878,503,3
880,871,9
881,2540,8
882,1479,8
883,2681,9
885,1045,6
886,160,8
887,2598,9
888,644,2
889,2252,9
890,1098,7
893,1156,6
894,2553,7
896,620,8
897,1984,1
899,108,10
900,2738,8
901,1563,9
902,1550,5
903,2873,8
904,354,2
906,1643,9
907,2622,6
908,223,9
909,122,7
910,955,10
913,1017,8
914,367,10
915,1681,10
916,289,7
917,2082,9
918,292,9
919,607,4
920,865,9
921,2181,8
922,465,5
923,1305,5
924,2781,8
925,2250,9
926,203,5
928,1975,7
929,1469,9
930,2676,3
931,2809,6
932,2276,10
933,1047,7
934,342,4
935,2848,3
936,1256,5
937,1797,6
938,2380,9
939,2315,2
940,1669,4
941,1644,7
942,773,10
943,488,9
944,1183,10
945,2225,2
947,278,10
948,2985,1
951,1860,9
953,1608,10
954,2191,3
956,1219,10
957,2820,10
958,866,4
959,2463,9
961,1233,7
963,1181,6
965,2603,10
967,1025,9
968,198,4
970,143,9
971,460,10
972,1218,2
974,2671,3
975,154,9
977,514,2
978,2399,6
979,2986,9
980,1751,9
983,969,7
985,1425,4
986,2494,2
987,2684,9
989,1386,8
992,379,8
994,765,10
998,2546,4
999,1350,10
1000,2692,8
1001,611,7
1003,2691,9
1005,2908,3
1006,1210,9
1007,1090,6
1008,2759,10
1009,899,0
1011,1522,10
1012,420,10
1013,168,4
1014,2605,2
1017,2180,7
1018,2319,0
1019,344,9
1021,1287,9
1022,413,8
1024,2125,2
1025,280,3
1026,847,1
1027,705,0
1028,2798,3
1029,220,7
1031,963,6
1035,769,9
1036,1088,1
1037,1994,0
1038,484,6
1039,1211,10
1040,2173,8
1041,404,9
1042,1821,4
1043,68,0
1044,2952,0
1045,1082,5
1046,889,10
1048,2331,0
1050,2582,9
1051,1459,10
1052,1385,10
1053,2937,9
1055,378,8
1056,1595,6
1060,2767,10
1061,1885,10
1062,916,3
1063,986,4
1066,1139,8
1067,2024,10
1069,2431,9
1070,1505,7
1071,2085,0
1072,2640,5
1073,1763,9
1075,267,6
1076,231,5
1077,1062,0
1080,551,2
1081,2941,9
1082,610,2
1084,2753,7
1085,2723,3
1086,2955,9
1087,346,7
1090,573,1
1091,2104,2
1092,70,5
1094,696,0
1095,1986,6
1097,1843,5
1098,2764,1
1100,2206,0
1103,219,3
1104,1089,10
1106,2812,10
1108,2348,6
1112,464,0
1113,505,9
1114,2075,10
1115,405,10
1116,830,9
1117,357,10
1119,598,7
1120,2268,0
1121,1496,9
1122,207,7
1123,1229,9
1124,950,10
1125,93,6
1126,978,1
1127,1701,9
1130,1320,4
1131,2792,5
1132,2337,1
1133,2138,8
1134,45,4
1135,213,9
1136,2901,10
1137,99,9
1138,596,7
1139,30,10
1140,269,7
1141,2665,5
1142,2163,8
1143,2480,2
1144,2823,2
1145,659,8
1146,570,1
1147,2384,10
1149,692,0
1150,812,9
1151,1913,7
1153,179,0
1154,1603,0
1156,745,8
1157,1458,9
1158,688,5
1159,2976,3
1160,2230,9
1161,2617,4
1162,2597,5
1163,1371,4
1164,1847,10
1165,964,9
1166,2211,8
1167,186,10
1169,522,4
1171,2131,3
1172,1418,10
1173,746,3
1174,763,3
1175,1946,0
1177,1093,7
1178,719,5
1180,1999,10
1181,1063,10
1183,1814,4
1184,792,5
1186,2103,5
1187,2155,6
1188,2385,9
1190,2788,6
1193,2852,0
1194,148,10
1196,1397,2
1197,1705,8
1198,906,6
1199,2819,6
1201,2078,0
1203,2961,4
1204,2776,3
1205,2702,7
1207,2945,2
1210,2762,6
1211,2779,6
1212,1331,9
1214,1358,7
1216,2470,9
1217,1445,10
1220,1192,3
1221,113,8
1222,2878,7
1223,2279,6
1225,406,1
1226,1562,10
1228,1833,2
1229,271,8
1231,2770,7
1232,988,8
1233,1977,1
1234,2951,7
1235,2980,4
1236,1508,10
1238,2036,2
1239,1825,10
1240,2261,1
1241,2536,7
1242,807,3
1243,2171,5
1244,1119,4
1245,2587,4
1246,221,4
1247,1118,10
1248,1021,10
1250,2724,4
1251,2147,0
1253,1473,7
1254,191,6
1256,1216,9
1258,756,1
1261,1074,7
1262,338,10
1267,602,6
1271,2714,4
1273,1129,3
1274,1752,7
1275,2239,8
1276,1026,9
1277,2623,10
1278,461,6
1280,920,10
1281,1640,2
1283,2845,9
1284,1803,10
1285,1875,8
1287,1373,6
1290,2306,2
1294,2900,8
1295,416,9
1296,2132,4
1298,1308,3
1300,787,8
1301,1271,5
1303,2146,4
1304,1570,2
1305,985,0
1306,299,9
1311,567,9
1313,2794,10
1315,2632,8
1317,1686,9
1319,1624,10
1320,1541,3
1321,2454,10
1322,328,8
1323,331,6
1324,142,10
1325,741,8
1328,548,7
1329,1605,9
1330,2430,10
1332,2095,3
1333,834,3
1336,2925,10
1337,2924,7
1338,1037,9
1340,1820,9
1343,1444,10
1346,2154,3
1347,1512,6
1349,2153,8
1350,2418,10
1351,1040,9
1352,594,5
1354,732,5
1355,2280,5
1356,1383,6
1357,621,6
1359,2324,0
1360,2140,1
1361,520,7
1364,1194,8
1366,1195,7
1369,1542,5
1371,1898,9
1372,95,8
1376,241,5
1378,1362,4
1380,2050,10
1381,2704,8
1384,1084,4
1386,832,6
1387,2934,9
1388,65,6
1389,579,1
1391,480,9
1395,740,10
1396,10,3
1398,2234,9
1399,2305,8
1400,2248,6
1401,2939,9
1402,735,6
1406,2505,3
1409,2392,2
1410,81,10
1411,1845,9
1412,917,5
1417,1235,9
1418,1824,9
1419,1650,9
1420,2670,1
1422,674,0
1423,1755,10
1424,2503,1
1425,2550,5
1426,835,9
1427,2870,6
1428,2297,3
1429,2391,10
1430,2874,8
1437,1970,6
1442,1174,8
1443,2729,9
1444,2732,9
1445,64,3
1446,2508,4
1448,824,6
1449,1943,9
1450,2581,5
1452,2896,5
1453,998,9
1455,1311,10
1456,353,10
1458,1764,4
1459,287,0
1464,149,6
1466,2263,10
1469,2377,7
1470,825,0
1471,532,2
1473,1038,3
1475,2264,7
1477,697,2
1478,1011,1
1479,2979,8
1480,2023,7
1481,2493,0
1483,2646,10
1485,821,9
1486,1723,0
1487,766,3
1488,1677,6
1490,2725,9
1492,1180,6
1493,2685,8
1496,2664,5
1497,13,9
1498,282,8
1500,1737,1
1501,171,0
1502,877,10
1503,161,10
1505,1404,8
1506,1996,1
1508,34,10
1509,2215,4
1510,970,3
1511,563,6
1512,2285,9
1513,2611,10
1514,1488,10
1516,2926,6
1517,50,8
1518,2032,0
1519,2273,2
1521,2229,7
1522,2606,8
1523,1736,7
1524,2516,7
1525,2379,8
1527,2972,10
1528,1933,9
1529,87,10
1530,1635,2
1532,1995,6
1535,810,2
1536,1587,5
1540,2217,7
1543,2216,4
1545,1653,10
1547,2151,8
1549,2288,7
1552,2675,9
1553,2995,9
1554,2005,6
1555,1166,7
1561,1100,4
1562,14,7
1563,1114,2
1564,2686,7
1566,104,7
1567,2294,1
1568,1780,9
1569,699,9
1570,2970,4
1571,962,7
1572,2633,10
1575,671,5
1576,152,10
1577,652,0
1579,1141,9
1580,799,6
1581,1000,3
1582,1586,7
1585,2923,2
1586,2567,2
1587,1336,10
1588,2455,9
1590,2220,7
1593,251,5
1595,2887,9
1596,694,6
1597,411,4
1598,139,10
1600,606,3
1601,2318,3
1602,1789,9
1604,2653,4
1605,1348,6
1606,1285,10
1607,2677,10
1608,1683,8
1609,1450,7
1610,2864,10
1611,1949,5
1612,418,9
1614,216,5
1620,593,0
1622,479,10
1623,1237,10
1624,1296,10
1625,600,0
1626,2058,10
1627,1767,5
1628,1642,0
1629,2167,9
1630,141,4
1631,581,8
1633,2372,7
1635,2717,1
1636,1855,10
1637,2599,3
1639,266,8
1641,1732,1
1643,1925,10
1644,1056,5
1645,350,1
1647,459,5
1648,1988,8
1649,1018,8
1653,843,9
1654,1673,10
1656,98,7
1657,1948,0
1658,2808,1
1659,426,10
1661,1506,3
1664,1601,7
1665,1510,2
1666,1284,7
1667,2412,5
1668,690,5
1669,875,4
1670,2474,5
1671,2266,6
1672,1103,7
1673,249,10
1675,1501,8
1676,2618,7
1677,1712,10
1678,1170,0
1679,1905,9
1681,1432,8
1682,2419,9
1683,1511,1
1684,44,4
1685,2401,4
1686,2654,5
1688,196,8
1694,339,10
1695,2456,8
1696,2307,5
1699,667,8
1701,2661,6
1702,2432,7
1703,972,8
1706,704,7
1707,2122,8
1708,2137,2
1709,1742,7
1710,731,1
1713,1282,8
1715,811,10
1718,775,10
1720,771,0
1723,2682,4
1724,1020,1
1727,2152,0
1728,798,5
1729,1096,10
1731,1757,0
1732,2837,10
1735,597,0
1737,421,8
1739,2748,6
1741,1597,9
1742,1270,9
1744,2141,4
1747,2124,10
1750,558,3
1751,716,4
1753,1024,4
1754,1030,9
1756,1269,2
1757,517,9
1761,2797,6
1764,873,1
1767,1899,9
1768,1918,8
1770,954,10
1771,774,5
1773,2192,1
1774,2317,8
1775,2161,10
1776,9,0
1777,2500,8
1778,2754,7
1779,252,8
1781,1203,3
1782,1615,8
1786,1319,6
1787,736,2
1788,1529,9
1789,301,9
1794,1215,7
1796,1691,4
1797,2359,5
1799,1530,10
1800,793,2
1803,2590,9
1807,684,9
1815,1245,10
1816,2548,10
1817,1190,9
1818,941,10
1819,2464,5
1821,841,5
1822,1768,5
1823,1388,5
1824,1316,9
1825,1151,10
1826,523,8
1832,2715,0
1835,1178,10
1839,275,2
1840,1827,7
1847,772,9
1850,481,0
1851,1629,2
1854,1536,8
1855,1892,7
1856,956,9
1857,2542,5
1858,755,9
1862,1070,8
1864,265,4
1865,1497,0
1866,487,8
1868,2,0
1871,2157,5
1873,2011,9
1878,1423,0
1880,2859,6
1881,2438,9
1882,2420,9
1883,1524,3
1886,585,9
1887,1785,9
1890,133,8
1891,2437,3
1893,1359,2
1895,1149,0
1897,67,10
1898,1349,7
1900,1962,9
1902,361,0
1904,2867,10
1907,458,3
1909,2835,5
1912,1148,2
1916,2705,9
1917,28,10
1919,701,10
1920,1874,1
1921,254,3
1923,153,0
1925,840,9
1927,187,8
1928,1202,1
1929,2048,10
1931,75,9
1932,1749,0
1933,2183,5
1934,770,0
1935,2799,9
1938,2415,9
1942,2083,5
1944,2339,10
1947,373,10
1948,238,9
1950,2145,3
1952,2045,6
1958,2881,8
1959,2051,9
1962,1206,8
1963,1698,7
1965,130,7
1966,1668,9
1968,612,6
1969,2547,5
1971,1157,4
1972,2271,0
1974,295,9
1975,1375,1
1976,2241,6
1977,635,2
1978,2365,9
1979,631,5
1982,2057,3
1986,2477,9
1987,194,10
1988,764,1
1990,2977,9
1991,2999,10
1994,2742,2
1997,2801,7
1999,1069,0
2001,188,9
2002,1627,2
2003,779,6
2004,1862,10
2006,222,6
2007,429,3
2008,1409,0
2012,2535,8
2013,2811,4
2014,1713,10
2015,931,8
2017,358,9
2019,851,3
2020,2828,8
2021,2711,4
2023,1931,9
2024,926,7
2025,1058,8
2027,2444,10
2030,229,4
2031,177,10
2032,1275,2
2036,1781,10
2037,1304,2
2040,1494,9
2041,1365,4
2042,165,6
2046,886,4
2049,1342,3
2052,2370,0
2053,1880,10
2054,1523,9
2055,1517,5
2056,441,5
2058,1054,9
2060,2109,5
2061,489,10
2063,437,8
2065,1173,5
2067,1708,10
2071,206,0
2074,1102,9
2075,1956,2
2077,2697,0
2086,2891,6
2087,1057,8
2088,2807,9
2089,1028,9
2091,730,8
2092,781,6
2094,1684,7
2095,1520,10
2096,1690,3
2098,534,5
2101,1890,6
2103,640,3
2104,2745,0
2105,981,5
2107,867,5
2109,440,9
2111,1272,9
2112,706,5
2113,385,8
2114,1176,5
2115,984,9
2116,968,1
2119,315,5
2122,857,10
2123,1341,10
2124,698,0
2127,2400,7
2129,1013,9
2130,1435,4
2131,2726,4
2133,180,3
2134,2068,3
2138,2965,8
2142,35,9
2143,454,5
2146,1109,10
2147,337,3
2152,1317,0
2153,1214,10
2154,1072,9
2157,1766,10
2159,2549,5
2160,2822,6
2161,2673,4
2162,2520,10
2163,502,1
2165,1559,9
2168,106,8
2169,2650,4
2171,2196,4
2172,1700,10
2174,932,2
2176,2322,5
2179,69,2
2181,1236,9
2185,1499,9
2186,783,9
2187,2352,10
2189,625,7
2190,680,9
2191,874,10
2193,1044,2
2194,1395,10
2195,24,4
2198,1448,9
2199,2079,7
2201,419,7
2202,993,1
2204,150,4
2208,118,9
2213,1374,9
2214,2453,9
2217,1035,10
2221,396,0
2222,31,9
2224,1800,0
2226,2212,9
2227,1770,0
2229,868,9
2231,2406,0
2232,1086,2
2233,2226,3
2236,2061,10
2239,157,9
2240,2703,10
2242,1575,9
2244,2678,3
2245,1117,9
2247,2442,3
2250,2423,8
2254,1364,2
2256,605,7
2257,2903,5
2258,515,5
2260,1710,6
2261,2491,6
2264,1776,0
2268,1401,7
2269,1792,5
2271,1581,3
2274,2397,3
2276,651,8
2278,2081,9
2281,609,1
2284,1724,9
2285,2461,5
2288,870,10
2289,2778,1
2290,2243,7
2294,1938,8
2297,2963,5
2299,2126,2
2302,1944,4
2304,2946,7
2311,2321,3
2317,1402,6
2318,2233,7
2320,826,5
2321,438,10
2322,2875,8
2323,1831,0
2325,2143,8
2326,689,0
2327,183,8
2328,163,9
2329,467,5
2333,1165,10
2335,412,8
2336,894,9
2339,2842,8
2340,2246,6
2341,408,9
2343,536,7
2345,1380,1
2346,1911,9
2347,2387,10
2348,37,3
2349,1556,3
2350,97,3
2355,273,10
2356,263,8
2357,785,3
2358,762,5
2359,1405,9
2360,2773,1
2362,1430,2
2363,1067,9
2366,1125,4
2367,2826,1
2368,2568,10
2369,1226,0
2373,940,3
2374,255,4
2375,2496,9
2376,57,6
2377,1881,7
2381,1434,10
2385,39,7
2386,1551,4
2387,987,8
2392,529,10
2394,512,7
2397,1200,10
2401,582,7
2403,951,9
2404,2368,6
2405,2679,10
2406,504,0
2408,1164,2
2411,2607,5
2412,1424,6
2413,415,9
2418,1238,1
2421,2119,10
2425,795,4
2427,2189,10
2429,2407,6
2431,2911,8
2433,1252,9
2434,2635,7
2435,319,6
2437,2600,6
2440,2932,10
2442,1609,9
2445,2574,2
2446,1858,3
2447,1376,3
2448,1599,8
2449,96,0
2451,900,6
2454,2009,2
2456,2649,10
2460,1161,10
2461,944,9
2463,720,4
2465,2114,5
2468,786,10
2470,1002,10
2471,360,3
2472,33,3
2473,27,9
2474,1466,7
2475,1972,6
2477,1258,10
2478,782,6
2479,2007,8
2484,320,4
2485,1244,0
2488,2015,9
2491,51,8
2494,559,4
2495,2338,10
2496,2402,8
2497,1538,10
2498,1919,9
2499,112,4
2500,1802,10
2502,2868,8
2503,2566,6
2506,1281,10
2509,686,5
2512,491,7
2513,2053,8
2514,1205,0
2516,2426,10
2517,1429,3
2519,578,6
2522,1257,2
2528,2720,9
2530,190,10
2532,649,10
2535,1240,9
2538,677,0
2541,2850,1
2543,1735,6
2548,1696,10
2550,1765,8
2551,1091,10
2553,308,9
2554,1560,9
2558,140,4
2559,829,2
2562,1477,4
2563,2101,0
2564,2588,7
2566,527,5
2568,1160,3
2574,43,7
2575,495,5
2577,2880,8
2578,803,8
2582,1973,9
2586,1852,3
2587,2182,4
2590,2194,0
2591,1108,5
2592,1779,7
2594,2258,5
2595,20,0
2598,2523,3
2605,892,4
2608,135,9
2609,2176,8
2611,138,1
2612,462,7
2613,500,8
2616,2541,5
2619,145,7
2620,2325,6
2621,862,10
2623,1029,10
2625,1184,10
2627,902,8
2628,2843,2
2629,518,5
2630,2662,0
2634,2425,10
2641,2975,10
2643,801,9
2644,2517,7
2646,2492,6
2647,1049,10
2650,564,9
2651,2497,9
2652,1594,2
2655,2436,7
2666,19,10
2670,306,7
2673,1354,10
2675,1702,5
2676,2894,6
2677,2929,9
2679,2893,0
2683,1495,3
2686,2366,0
2687,1487,2
2689,1760,7
2691,930,10
2692,1850,7
2695,794,2
2703,2410,8
2706,1864,9
2707,2968,8
2711,1828,5
2714,2608,9
2717,1225,6
2722,217,6
2724,642,10
2730,1997,3
2731,2094,10
2733,1959,8
2734,2660,6
2737,1576,4
2744,1234,9
2749,2499,3
2751,449,5
2752,855,1
2754,535,5
2756,166,6
2759,858,0
2760,2316,4
2761,2208,8
2763,914,9
2764,2253,3
2766,2080,9
2772,192,9
2774,1745,10
2775,948,4
2776,1633,0
2777,224,8
2778,2821,10
2779,1321,2
2780,390,10
2786,2108,10
2787,1912,9
2788,431,10
2790,1754,3
2791,394,2
2794,1328,3
2795,1888,7
2797,2218,6
2799,776,4
2816,1546,6
2821,2260,10
2823,878,6
2825,1221,10
2834,1297,4
2835,2656,0
2836,2739,8
2837,1514,2
2839,2526,6
2840,2204,8
2841,590,3
2843,2555,5
2845,1500,9
2846,1185,10
2848,904,6
2855,2712,10
2856,2069,4
2865,1412,5
2866,516,10
2869,751,10
2870,2906,3
2877,1115,7
2878,91,7
2886,1598,7
2887,403,6
2888,1566,10
2889,115,0
2893,1277,2
2894,432,5
2896,2326,10
2900,2802,3
2907,1144,0
2908,2942,10
2910,1472,0
2912,2569,3
2917,2905,6
2918,588,2
2919,1334,10
2920,1739,5
2922,1981,0
2927,1239,7
2928,1278,10
2930,356,3
2933,156,10
2935,584,1
2938,823,6
2941,311,10
2942,1443,10
2945,2184,7
2946,1463,5
2947,882,3
2948,2818,9
2949,2270,9
2950,1346,7
2951,1805,10
2952,42,2
2955,1034,5
2956,1052,4
2961,591,10
2963,1568,9
2964,575,7
2967,158,10
2971,1674,0
2972,1543,7
2978,422,4
2983,285,9
2985,1407,9
2986,2627,9
2992,2160,1
2993,205,3
2996,1224,9
2997,754,5
3003,2840,9
3004,451,9
3012,2298,4
3013,1685,4
3016,979,2
3020,1016,0
3022,368,7
3029,1555,2
3033,1676,4
3036,2780,1
3037,2004,10
3039,1498,10
3042,1327,8
3043,809,4
3045,2099,8
3047,2462,3
3051,1859,10
3052,439,1
3053,2214,9
3056,1812,8
3057,2335,9
3058,1940,8
3063,796,10
3064,1309,8
3067,658,10
3068,1188,9
3069,2998,9
3071,2699,4
3072,2358,7
3073,1196,9
3075,268,7
3077,2557,6
3078,76,8
3079,1612,4
3081,2584,0
3094,2428,10
3096,1131,9
3098,1611,10
3102,1092,8
3105,560,3
3107,1651,7
3113,2560,3
3119,2521,6
3122,2912,10
3123,2482,8
3129,2506,6
3131,1835,5
3133,1201,10
3134,1406,5
3136,2334,4
3137,2033,1
3138,2303,10
3146,2984,4
3148,1208,10
3150,2537,10
3151,2282,0
3154,546,5
3156,2888,6
3158,1453,9
3159,626,4
3160,876,10
3161,2993,10
3165,1588,9
3166,1516,9
3167,2849,3
3171,2046,8
3173,2202,8
3174,2886,9
3175,1227,3
3176,915,8
3182,1172,10
3183,457,1
3185,2449,5
3186,2210,8
3190,427,10
3193,2424,7
3195,483,4
3196,565,8
3201,182,9
3204,601,5
3207,2356,4
3210,401,3
3211,1241,3
3212,2827,2
3216,2532,4
3217,162,9
3222,2133,10
3229,664,9
3231,2777,8
3241,80,4
3242,1983,5
3248,2484,0
3250,632,8
3252,1307,10
3253,1337,0
3258,1937,9
3264,1230,7
3265,2254,7
3273,2793,9
3279,388,10
3281,2110,0
3286,1900,9
3290,1703,6
3291,1620,2
3294,2832,10
3296,872,8
3302,965,8
3305,1592,10
3306,2978,9
3308,589,1
3309,1782,8
3311,996,2
3315,63,9
3319,1290,2
3320,816,4
3329,1480,3
3330,444,6
3340,2585,6
3341,167,5
3342,1393,8
3343,1842,6
3344,952,2
3346,1340,3
3348,2364,7
3350,946,7
3355,74,3
3361,935,7
3364,2858,0
3369,604,8
3372,2002,4
3374,1921,4
3375,544,6
3376,1621,3
3382,259,2
3385,298,10
3394,107,4
3396,1756,0
3399,574,0
3401,2156,0
3405,1753,6
3407,1934,8
3412,1558,9
3413,1124,0
3415,966,5
3418,1197,9
3419,1769,8
3421,2572,9
3422,2177,8
3424,1583,8
3430,707,0
3432,2525,9
3433,2774,7
3437,474,7
3438,2954,7
3439,1544,3
3441,2465,4
3450,1675,6
3456,2313,6
3459,1826,8
3462,2451,8
3463,2959,5
3464,1353,5
3468,2265,7
3470,2524,5
3471,1518,10
3472,1964,0
3474,2863,10
3476,1625,2
3477,1819,10
3478,980,7
3481,2395,9
3485,2495,9
3487,1980,8
3495,1465,9
3503,1012,9
3518,2043,10
3519,297,9
3521,676,7
3530,1818,6
3535,2084,0
3536,616,2
3538,473,6
3539,2038,2
3540,1734,7
3545,88,7
3546,974,4
3552,1932,1
3555,2296,8
3560,499,6
3567,1039,5
3569,52,4
3570,386,8
3573,842,8
3579,1120,5
3580,2933,6
3582,2943,9
3586,2489,2
3587,645,1
3592,1153,8
3600,1941,9
3609,355,7
3612,1707,9
3619,341,6
3620,1759,10
3623,291,3
3632,2804,0
3634,722,10
3637,2030,6
3640,1427,10
3641,244,5
3646,1957,8
3647,788,6
3650,2413,9
3653,2044,1
3657,2242,9
3658,2917,3
3663,470,6
3664,2583,2
3665,538,10
3666,723,3
3671,2373,4
3672,1274,9
3673,2800,3
3675,1107,4
3679,942,4
3683,2120,4
3686,760,8
3688,1596,9
3691,1004,5
3692,1794,10
3694,1279,3
3696,1967,10
3698,2860,5
3699,1604,3
3704,992,4
3706,1396,10
3708,258,5
3711,1441,0
3714,1389,4
3718,151,0
3728,1168,10
3730,1061,10
3731,1882,3
3732,2403,5
3736,2668,5
3738,1730,1
3739,1399,9
3744,2551,9
3749,2810,10
3752,608,10
3764,1582,3
3766,550,8
3776,1870,9
3783,55,9
3785,1777,9
3790,109,4
3792,384,5
3798,1762,9
3812,2251,7
3822,334,10
3823,1015,3
3824,1791,2
3825,797,2
3828,1667,9
3831,1641,8
3835,2286,7
3837,85,7
3838,1003,7
3840,1889,5
3841,2468,9
3849,1569,8
3852,934,10
3853,2586,8
3855,325,10
3856,2275,9
3861,172,0
3871,2614,4
3873,669,4
3885,1042,7
3894,1637,5
3899,513,9
3903,2631,8
3917,132,4
3919,2853,3
3923,2427,7
3924,2486,1
3926,2398,9
3936,2224,9
3943,1163,6
3959,1475,9
3961,1817,5
3966,2815,3
3969,2343,8
3974,850,7
3988,893,2
3995,2620,8
3996,2564,6
4006,2990,6
4008,615,8
4017,1032,4
4021,1645,8
4024,1834,10
4029,1186,0
4032,2367,9
4034,270,10
4035,1954,10
4039,409,2
4043,2647,9
4045,888,10
4046,2300,5
4050,949,7
4062,989,4
4064,2070,10
4074,1415,0
4079,185,4
4083,2439,4
4084,905,1
4105,2121,3
4116,370,3
4121,2996,9
4122,623,8
4124,332,7
4127,1330,8
4128,1657,6
4136,1121,4
4138,1198,10
4141,2035,9
4154,1649,8
4157,509,6
4160,540,9
4166,2188,0
4167,226,6
4171,1324,9
4173,1663,10
4177,525,9
4180,1851,0
4181,374,9
4184,1990,4
4186,2824,0
4195,1312,9
4196,1533,10
4199,1991,3
4200,2093,3
4201,2471,9
4202,178,7
4207,2578,2
4209,1145,5
4210,2097,0
4213,1894,5
4217,2997,7
4233,1286,5
4241,733,0
4243,2001,9
4247,2363,0
4248,1947,9
4254,1368,5
4258,2866,2
4260,1507,10
4268,2262,0
4273,2277,8
4276,804,9
4280,1433,8
4286,18,9
4288,614,9
4292,2421,3
4298,1250,9
4300,209,5
4315,232,6
4316,486,8
4323,2333,9
4324,975,9
4327,12,1
4332,1232,7
4336,1775,5
4340,2713,5
4341,2513,5
4344,2760,9
4350,1492,6
4351,2693,6
4353,2452,3
4355,887,9
4359,1502,4
4361,1515,6
4369,445,3
4379,1455,9
4380,1878,6
4393,2003,1
4395,1426,10
4407,448,9
4409,2694,1
4410,2910,10
4411,2485,9
4412,1266,2
4413,628,9
4419,82,4
4420,1895,2
4424,1654,6
4430,117,8
4438,377,3
4440,2342,5
4446,1578,1
4449,1930,10
4454,375,3
4456,1709,0
4462,1379,4
4467,1372,8
4469,1580,5
4470,436,9
4477,2022,4
4478,1571,9
4481,1527,4
4482,2502,7
4483,1634,8
4494,116,3
4502,2580,10
4504,2332,9
4511,530,1
4536,1738,9
4537,1381,8
4543,2519,6
4544,537,0
4548,472,8
4549,2716,1
4550,1078,9
4553,817,6
4556,227,4
4557,638,2
4562,2719,4
4563,1720,9
4567,2422,10
4573,1392,9
4574,2450,0
4575,2919,9
4585,1879,4
4587,290,4
4593,2411,5
4594,1838,3
4600,1299,10
4608,1428,0
4614,2034,4
4617,758,2
4619,1306,1
4620,2953,3
4632,1147,10
4635,2090,7
4644,1059,5
4646,657,9
4651,317,7
4655,2765,7
4659,1927,6
4660,2756,7
4661,2755,9
4663,228,10
4667,146,10
4669,1323,10
4674,424,10
4679,2072,5
4683,2396,1
4687,1718,10
4692,1731,8
4693,2353,5
4698,40,4
4700,175,4
4702,21,2
4706,2390,4
4707,2666,10
4717,2329,0
4721,425,8
4722,1440,7
4723,2988,9
4726,709,3
4729,1159,8
4733,477,7
4734,2062,10
4747,1417,9
4758,653,10
4761,813,8
4762,1873,3
4773,2918,10
4778,1345,8
4785,2190,6
4786,77,8
4792,2615,5
4794,1920,8
4796,2899,3
4802,2621,7
4804,2688,10
4807,622,10
4810,2708,7
4817,1014,9
4822,25,7
4826,661,9
4829,490,10
4834,936,4
4836,2642,7
4843,1182,5
4847,2128,2
4849,2592,7
4855,2237,9
4860,2973,9
4862,1829,10
4866,711,7
4871,2855,4
4873,960,10
4876,907,10
4878,1630,9
4886,1867,6
4888,679,10
4895,2510,4
4896,990,3
4908,2351,8
4915,1952,7
4917,310,10
4920,693,6
4921,2854,0
4922,124,4
4931,2071,9
4936,2498,0
4943,84,1
4947,1869,7
4955,2054,10
4957,1942,7
4965,747,2
4970,726,0
4974,1848,7
4979,407,10
4980,395,10
4991,2591,10
5000,2259,8
5003,2041,9
5006,1806,9
5009,1138,7
5010,1482,5
5012,2757,7
5015,1352,7
5018,2222,8
5028,805,0
5035,2026,10
5036,1982,0
5042,2106,10
5049,201,1
5050,2330,1
5057,2865,9
5062,2320,3
5082,806,3
5090,1816,5
5091,211,0
5097,1846,9
5100,78,10
5107,2511,7
5111,1849,9
5112,1265,7
5125,1871,5
5132,2361,7
5137,2554,6
5138,1431,5
5141,1394,6
5143,2796,2
5144,2841,0
5145,2721,9
5149,256,9
5151,1795,9
5153,2667,8
5159,54,0
5168,983,9
5175,683,4
5182,2052,9
5186,2734,10
5187,1688,9
5195,2065,7
5197,552,9
5213,1567,4
5217,1009,0
5221,2059,5
5238,2274,8
5240,214,0
5251,2645,6
5262,1370,1
5269,1531,0
5277,468,10
5285,2130,7
5289,2956,0
5290,2362,1
5294,547,1
5298,678,9
5299,2458,4
5302,2758,10
5315,1896,5
5322,2576,5
5333,2936,2
5343,1623,10
5344,710,10
5349,1619,7
5362,1356,0
5365,572,5
5373,2991,8
5381,2624,4
5388,1974,3
5390,2021,9
5404,506,10
5407,2257,9
5414,1048,9
5425,230,8
5437,650,8
5443,2198,5
5445,2460,10
5467,2534,3
5474,1338,8
5518,73,8
5521,1978,4
5523,2170,10
5530,910,9
5554,510,9
5555,2429,10
5567,2459,8
5568,1813,5
5577,2746,0
5581,1263,8
5600,1191,8
5606,748,8
5608,752,8
5616,371,2
5627,913,10
5632,839,10
5639,1329,6
5645,318,10
5655,62,6
5656,2089,9
5666,2371,7
5684,2113,10
5697,2256,5
5709,102,10
5710,100,8
5718,2982,0
5725,617,8
5727,1666,0
5732,819,9
5735,204,0
5740,2025,9
5742,2100,2
5743,2648,4
5747,2897,3
5754,2817,8
5757,1158,10
5761,2117,1
5763,309,9
5796,1128,9
5797,2295,10
5809,1857,3
5811,1464,8
5829,1360,8
5846,2409,10
5856,2200,5
5859,1310,7
5870,2096,7
5872,1031,4
5879,2637,3
5887,1413,10
5891,643,4
5899,2562,6
5900,276,9
5903,1783,7
5907,335,10
5908,1929,8
5909,316,8
5913,1886,4
5941,2515,7
5946,1823,0
5958,239,1
5980,92,9
5983,253,6
5996,1110,9
6016,2869,5
6034,2769,7
6051,2904,4
6052,2950,10
6053,272,1
6075,1528,10
6083,1535,0
6086,2892,6
6097,15,5
6102,1135,8
6106,1600,6
6122,352,7
6126,2907,5
6137,1010,10
6141,2091,9
6144,2408,7
6158,2737,9
6163,568,4
6175,557,7
6176,2168,0
6183,2255,5
6184,521,10
6197,433,10
6203,2483,6
6209,1242,10
6214,1300,7
6230,2544,9
6247,247,3
6248,2989,5
6252,2612,9
6260,790,0
6276,2960,6
6281,655,6
6282,2308,4
6309,398,10
6314,1746,5
6324,1259,6
6332,131,3
6385,2394,9
6386,1132,10
6391,2740,5
6400,545,8
6401,1904,0
6416,2020,0
6418,654,8
6422,1106,0
6429,184,8
6431,911,3
6446,1452,10
6447,430,5
6451,2701,4
6455,1447,9
6459,703,5
6472,2695,10
6478,883,1
6489,1369,0
6490,1866,8
6497,2245,7
6526,1460,1
6545,1293,9
6553,845,10
6554,123,8
6580,336,6
6592,1022,7
6603,531,9
6609,2629,2
6624,822,8
6641,1318,4
6648,1647,9
6649,1722,4
6655,896,7
6665,2302,0
6678,663,5
6687,1355,9
6699,909,6
6701,734,6
6714,2360,10
6726,973,5
6743,1908,10
6752,1923,9
6764,919,10
6792,195,8
6802,144,2
6860,300,4
6862,2706,3
6866,450,6
6869,1113,3
6883,1264,4
6885,2197,0
6888,2839,9
6897,1080,9
6898,1363,5
6913,333,1
6924,1865,7
6926,660,0
6938,2803,7
6940,1481,10
6942,2626,3
6952,526,7
6954,2127,9
6955,2169,10
6974,1610,4
6987,1171,6
6989,1470,10
6990,1095,10
7019,728,6
7021,670,10
7023,281,0
7029,2129,0
7032,1658,10
7041,1998,7
7052,1557,1
7053,2228,10
7057,2909,6
7065,469,10
7067,475,0
7084,1060,10
7085,2478,10
7111,17,4
7143,2570,8
7152,1695,10
7178,364,9
7191,1772,10
7192,1547,6
7210,1483,5
7226,2775,0
7232,561,5
7250,79,6
7277,2107,8
7278,901,5
7292,1868,0
7316,1079,8
7325,2949,10
7342,1268,9
7359,2789,10
7367,768,9
7371,2098,3
7404,49,1
7413,2784,2
7418,1116,7
7422,1618,3
7431,1887,3
7434,1085,8
7436,2490,9
7461,1175,3
7479,737,9
7480,2178,9
7494,2641,6
7496,1593,2
7507,1439,10
7516,2207,3
7523,136,7
7536,2063,8
7551,2159,4
7561,2533,8
7602,1065,4
7617,225,6
7618,1679,5
7634,2201,8
7665,2354,0
7680,1727,0
7691,576,8
7693,2056,8
7720,599,9
7724,327,3
7728,1101,5
7750,700,4
7776,2064,10
7804,1717,8
7829,2722,0
7840,1442,8
7844,2029,9
7850,1711,2
7858,1111,6
7862,1741,10
7875,1491,2
7880,2336,3
7890,2148,4
7897,1076,4
7901,553,10
7909,937,10
7932,2935,3
7934,1400,9
7941,682,7
7951,1193,10
7967,1390,8
7997,2087,2
8009,2882,10
8030,753,6
8040,2289,6
8057,2162,9
8158,1811,0
8161,1484,10
8179,827,9
8220,1189,10
8227,1322,8
8250,2663,10
8258,2466,8
8334,2565,5
8371,417,9
8381,1966,1
8387,1066,6
8395,2014,9
8443,1456,3
8462,791,7
8531,1187,2
8543,86,1
8568,1177,8
8593,2199,8
8605,111,5
8667,2958,1
8678,1665,8
8681,293,7
8688,666,1
8777,1910,5
8804,193,7
8858,121,6
8875,1573,7
8890,891,5
8899,2369,10
8904,928,4
8912,1006,5
8927,1748,10
8960,1462,2
8966,261,5
9005,554,9
9046,286,8
9074,1951,5
9087,307,9
9094,1721,10
9140,2862,9
9143,1075,0
9156,2249,5
9170,1199,9
9242,2987,5
9251,1606,7
9296,2974,2
9311,1410,4
9324,463,7
9362,296,2
9386,1220,5
9391,507,10
9426,159,0
9443,2135,10
9589,2610,9
9636,389,0
9639,929,10
9652,1958,10
9664,2561,10
9761,592,0
9774,2522,10
9820,1087,7
9841,2575,2
9865,2944,8
9868,1985,10
9877,2752,3
9889,1572,7
9895,181,2
9910,1771,9
9941,2825,1
9963,72,9
9982,1631,10
9986,94,7
9989,1971,2
10078,2446,6
10090,976,10
10132,434,5
10195,1704,6
10228,1841,4
10241,2768,5
10244,1142,6
10387,818,3
10432,717,9
10517,2227,2
10580,2019,5
10601,2393,10
10602,1467,6
10608,633,9
10616,1861,9
10707,1968,10
10763,1786,10
10770,1936,8
10771,2531,4
10776,1248,8
10780,393,10
10852,453,5
10863,56,10
10901,330,10
11034,1137,3
11104,2672,5
11111,2042,9
11136,923,10
11227,1614,8
11232,2314,9
11355,1584,6
11381,2727,0
11482,977,1
11627,1987,5
11648,2744,9
11675,1027,10
11766,1146,10
11814,1924,10
11835,1863,5
11873,759,9
11923,2328,9
11955,1652,7
12001,1367,6
12109,833,8
12345,1408,4
12568,2816,4
12602,46,6
12617,1534,9
12729,549,6
12932,1545,9
13134,2829,8
13141,1140,1
13211,1449,9
13281,2558,6
13358,369,10
13897,1122,8
13912,1068,9
14119,2805,9
14346,1436,8
14400,2347,9
14685,2709,3
14766,995,7
14770,828,5
14927,1939,10
14928,2577,10
15036,2814,6
15324,2055,10
15713,2690,10
16068,493,6
16220,277,8
16544,1790,7
16884,1228,10
17176,695,2
17194,2440,7
17478,2139,9
18090,2039,10
18547,197,4
18960,2507,7
20950,2731,6
22888,478,6
